Brand,              Price,      Image
Rado,               12000,      watch_gallery\static\assets\img\rado1.jpg
Rado,               20000,      watch_gallery\static\assets\img\rado2.jpg
Rado,               15000,      watch_gallery\static\assets\img\rado4.jpg
Rado,               20000,      watch_gallery\static\assets\img\Rado Florence metal women watch.jpg
Chopard,            40000,      watch_gallery\static\assets\img\chopard diamond_square04.jpg
Chopard,            30000,      watch_gallery\static\assets\img\chopard happy 06.jpg
Chopard,            35000,      watch_gallery\static\assets\img\chopard sport 7.jpg
Chopard,            45000,      watch_gallery\static\assets\img\chopard sport blue 8.jpg
Chopard,            50000,      watch_gallery\static\assets\img\chopard_10a386-02.jpg
Chopard,            42000,      watch_gallery\static\assets\img\chopard_AC_UY1000_05.jpg
Chopard,            25000,      watch_gallery\static\assets\img\chopard-3006_Happy-Sport-1-1-scaled03.jpg
Chopard,            65000,      watch_gallery\static\assets\img\chopard-109420-1002_image-01.jpg
Rolex,              150000,     watch_gallery\static\assets\img\rolex.jpg
Rolex,              10000,      watch_gallery\static\assets\img\rolex.jpg
Rolex,              23000,      watch_gallery\static\assets\img\rolex1.jpg
Rolex,              35000,      watch_gallery\static\assets\img\rolex2.jpg
Rolex,              20000,      watch_gallery\static\assets\img\rolex3.jpg
Sieko,              16000,      watch_gallery\static\assets\img\seiko5.jpg
Sieko,              20000,      watch_gallery\static\assets\img\seiko5.png
Sieko,              70000,      watch_gallery\static\assets\img\seiko6.jpeg
Sieko,              50000,      watch_gallery\static\assets\img\seiko7.jpg
Sieko,              70000,      watch_gallery\static\assets\img\seiko8.jpg
Sieko,              40000,      watch_gallery\static\assets\img\seiko9.jpg
Apple,              80000,      watch_gallery\static\assets\img\apple watch 1.jpg
Apple,              90000,      watch_gallery\static\assets\img\apple4.jpg
Apple,              35000,      watch_gallery\static\assets\img\apple4.jpg
Apple,              25000,      watch_gallery\static\assets\img\apple3.jpg
Apple,              40000,      watch_gallery\static\assets\img\apple5.jpg
Apple,              70000,      watch_gallery\static\assets\img\apple5.jpg
Apple,              50000,      watch_gallery\static\assets\img\apple7.jpg
Omega,              25000,      watch_gallery\static\assets\img\omega driver 300m 2.jpg
Omega,              27000,      watch_gallery\static\assets\img\omega leather 6.jpg
Omega,              30000,      watch_gallery\static\assets\img\omega seamaster 300 5.jpg
Omega,              23000,      watch_gallery\static\assets\img\omega seamaster auqa brown 7.jpg
Omega,              20000,      watch_gallery\static\assets\img\Omega.jpg
Omega,              35000,      watch_gallery\static\assets\img\omega4.jpg
Omega,              40000,      watch_gallery\static\assets\img\omegaspeedmaster 57 8.jpg
Audemars Piguet,    50000,      watch_gallery\static\assets\img\Audemars Piguet 15407st 4.jpeg
Audemars Piguet,    60000,      watch_gallery\static\assets\img\Audemars Piguet blue7.jpg
Audemars Piguet,    70000,      watch_gallery\static\assets\img\Audemars Piguet Jumboo 8.jpg
Audemars Piguet,    80000,      watch_gallery\static\assets\img\Audemars Piguet royal oak offshore pride.jpg
Audemars Piguet,    90000,      watch_gallery\static\assets\img\Audemars Piguet.jpg
Audemars Piguet,    100000,     watch_gallery\static\assets\img\Audemars Piguet1.jpg
